Churn,avg_spend
0,2724.8159959225686
1,2727.5966836427797
