Product Category,avg_loyalty_score
Clothing,8183.622981399563
Books,8183.285975544639
Electronics,8169.5140978379995
Home,8144.5985637198855
