Product Category,total_returns,revenue_lost
Books,30229.0,7699602.95797736
Clothing,30122.0,7664430.361909077
Electronics,20271.0,5163497.302620305
Home,20147.0,5134295.4927885095
